Name,ID,Age,Salary
John Smith,E12345,30,50000
Mary Johnson,E12346,28,55000
Robert Davis,E12347,35,60000
Emily White,E12348,32,52000
Michael Brown,E12349,29,58000
Sarah Wilson,E12350,31,51000
David Lee,E12351,33,59000
Jennifer Hall,E12352,27,54000
Kevin Adams,E12353,34,61000
Laura Martinez,E12354,26,53000
William Clark,E12355,32,55000
Jessica Turner,E12356,30,52000
Brian Harris,E12357,29,56000
Nicole Johnson,E12358,28,57000
Samuel Wright,E12359,37,62000
Olivia Walker,E12360,31,54000
Daniel White,E12361,27,51000
Amanda Brown,E12362,35,60000
Charles Adams,E12363,28,54000
Emily Davis,E12364,33,58000
Andrew Thomas,E12365,32,57000
Sophia Lewis,E12366,29,55000
James Wilson,E12367,30,59000
Lily Martinez,E12368,26,52000
Benjamin Turner,E12369,34,61000
Grace Hall,E12370,30,56000
Matthew Harris,E12371,31,59000
Chloe Smith,E12372,33,62000
Ethan Miller,E12373,27,53000
Ava Robinson,E12374,28,57000
Joseph Green,E12375,35,60000
